{"cameraMode":{"drawMode":0,"name":"Shaded","section":"Shading Mode"},"sceneLighting":true,"audioPlay":false,"sceneViewState":{"m_AlwaysRefresh":false,"showFog":true,"showSkybox":true,"showFlares":true,"showImageEffects":true,"showParticleSystems":true,"showVisualEffectGraphs":true,"m_FxEnabled":true},"in2DMode":false,"pivot":{"x":0.18372417986392976,"y":7.648119926452637,"z":0.6264476776123047},"rotation":{"x":-0.040798768401145938,"y":0.0020946573931723835,"z":-0.00008637203427497298,"w":-0.9991788268089294},"size":19.18511962890625,"orthographic":false}