{"cameraMode":{"drawMode":0,"name":"Shaded","section":"Shading Mode"},"sceneLighting":false,"audioPlay":false,"sceneViewState":{"m_AlwaysRefresh":false,"showFog":true,"showSkybox":false,"showFlares":true,"showImageEffects":true,"showParticleSystems":true,"showVisualEffectGraphs":true,"m_FxEnabled":true},"in2DMode":false,"pivot":{"x":-0.0029614465311169626,"y":-0.10303156077861786,"z":0.2624940276145935},"rotation":{"x":-0.18214669823646546,"y":0.12995779514312745,"z":-0.024294773116707803,"w":-0.9743446707725525},"size":3.5122358798980715,"orthographic":false}